#	Name	Type 1	Type 2	Total	Total_v2	HP	Attack	Defense	Sp. Atk	Sp. Def	Speed	Generation
1	Bulbasaur	Grass	Poison	318	591	45	49	49	65	65	45	1
2	Ivysaur	Grass	Poison	405	750	60	62	63	80	80	60	1
3	Venusaur	Grass	Poison	525	970	80	82	83	100	100	80	1
3	VenusaurMega Venusaur	Grass	Poison	625	1170	80	100	123	122	120	80	1
4	Charmander	Fire		309	553	39	52	43	60	50	65	1
5	Charmeleon	Fire		405	730	58	64	58	80	65	80	1
6	Charizard	Fire	Flying	534	968	78	84	78	109	85	100	1
6	CharizardMega Charizard X	Fire	Dragon	634	1168	78	130	111	130	85	100	1
6	CharizardMega Charizard Y	Fire	Flying	634	1168	78	104	78	159	115	100	1
7	Squirtle	Water		314	585	44	48	65	50	64	43	1
8	Wartortle	Water		405	752	59	63	80	65	80	58	1
9	Blastoise	Water		530	982	79	83	100	85	105	78	1
9	BlastoiseMega Blastoise	Water		630	1182	79	103	120	135	115	78	1
10	Caterpie	Bug		195	345	45	30	35	20	20	45	1
11	Metapod	Bug		205	380	50	20	55	25	25	30	1
12	Butterfree	Bug	Flying	395	720	60	45	50	90	80	70	1
13	Weedle	Bug	Poison	195	340	40	35	30	20	20	50	1
14	Kakuna	Bug	Poison	205	375	45	25	50	25	25	35	1
15	Beedrill	Bug	Poison	395	715	65	90	40	45	80	75	1
15	BeedrillMega Beedrill	Bug	Poison	495	845	65	150	40	15	80	145	1
16	Pidgey	Normal	Flying	251	446	40	45	40	35	35	56	1
17	Pidgeotto	Normal	Flying	349	627	63	60	55	50	50	71	1
18	Pidgeot	Normal	Flying	479	857	83	80	75	70	70	101	1
18	PidgeotMega Pidgeot	Normal	Flying	579	1037	83	80	80	135	80	121	1
19	Rattata	Normal		253	434	30	56	35	25	35	72	1
20	Raticate	Normal		413	729	55	81	60	50	70	97	1
21	Spearow	Normal	Flying	262	454	40	60	30	31	31	70	1
22	Fearow	Normal	Flying	442	784	65	90	65	61	61	100	1
23	Ekans	Poison		288	521	35	60	44	40	54	55	1
24	Arbok	Poison		438	796	60	85	69	65	79	80	1
25	Pikachu	Electric		320	550	35	55	40	50	50	90	1
26	Raichu	Electric		485	860	60	90	55	90	80	110	1
27	Sandshrew	Ground		300	560	50	75	85	20	30	40	1
28	Sandslash	Ground		450	835	75	100	110	45	55	65	1
29	Nidoran (Female)	Poison		275	509	55	47	52	40	40	41	1
30	Nidorina	Poison		365	674	70	62	67	55	55	56	1
31	Nidoqueen	Poison	Ground	505	934	90	92	87	75	85	76	1
32	Nidoran (Male)	Poison		273	496	46	57	40	40	40	50	1
33	Nidorino	Poison		365	665	61	72	57	55	55	65	1
34	Nidoking	Poison	Ground	505	925	81	102	77	85	75	85	1
35	Clefairy	Fairy		323	611	70	45	48	60	65	35	1
36	Clefable	Fairy		483	906	95	70	73	95	90	60	1
37	Vulpix	Fire		299	533	38	41	40	50	65	65	1
38	Ninetales	Fire		505	910	73	76	75	81	100	100	1
39	Jigglypuff	Normal	Fairy	270	520	115	45	20	45	25	20	1
40	Wigglytuff	Normal	Fairy	435	825	140	70	45	85	50	45	1
41	Zubat	Poison	Flying	245	435	40	45	35	30	40	55	1
42	Golbat	Poison	Flying	455	820	75	80	70	65	75	90	1
43	Oddish	Grass	Poison	320	610	45	50	55	75	65	30	1
44	Gloom	Grass	Poison	395	750	60	65	70	85	75	40	1
45	Vileplume	Grass	Poison	490	930	75	80	85	110	90	50	1
46	Paras	Bug	Grass	285	545	35	70	55	45	55	25	1
47	Parasect	Bug	Grass	405	780	60	95	80	60	80	30	1
48	Venonat	Bug	Poison	305	565	60	55	50	40	55	45	1
49	Venomoth	Bug	Poison	450	810	70	65	60	90	75	90	1
50	Diglett	Ground		265	435	10	55	25	35	45	95	1
51	Dugtrio	Ground		405	690	35	80	50	50	70	120	1
52	Meowth	Normal		290	490	40	45	35	40	40	90	1
53	Persian	Normal		440	765	65	70	60	65	65	115	1
54	Psyduck	Water		320	585	50	52	48	65	50	55	1
55	Golduck	Water		500	915	80	82	78	95	80	85	1
56	Mankey	Fighting		305	540	40	80	35	35	45	70	1
57	Primeape	Fighting		455	815	65	105	60	60	70	95	1
58	Growlithe	Fire		350	640	55	70	45	70	50	60	1
59	Arcanine	Fire		555	1015	90	110	80	100	80	95	1
60	Poliwag	Water		300	510	40	50	40	40	40	90	1
61	Poliwhirl	Water		385	680	65	65	65	50	50	90	1
62	Poliwrath	Water	Fighting	510	950	90	95	95	70	90	70	1
63	Abra	Psychic		310	530	25	20	15	105	55	90	1
64	Kadabra	Psychic		400	695	40	35	30	120	70	105	1
65	Alakazam	Psychic		500	880	55	50	45	135	95	120	1
65	AlakazamMega Alakazam	Psychic		590	1030	55	50	65	175	95	150	1
66	Machop	Fighting		305	575	70	80	50	35	35	35	1
67	Machoke	Fighting		405	765	80	100	70	50	60	45	1
68	Machamp	Fighting		505	955	90	130	80	65	85	55	1
69	Bellsprout	Grass	Poison	300	560	50	75	35	70	30	40	1
70	Weepinbell	Grass	Poison	390	725	65	90	50	85	45	55	1
71	Victreebel	Grass	Poison	490	910	80	105	65	100	70	70	1
72	Tentacool	Water	Poison	335	600	40	40	35	50	100	70	1
73	Tentacruel	Water	Poison	515	930	80	70	65	80	120	100	1
74	Geodude	Rock	Ground	300	580	40	80	100	30	30	20	1
75	Graveler	Rock	Ground	390	745	55	95	115	45	45	35	1
76	Golem	Rock	Ground	495	945	80	120	130	55	65	45	1
77	Ponyta	Fire		410	730	50	85	55	65	65	90	1
78	Rapidash	Fire		500	895	65	100	70	80	80	105	1
79	Slowpoke	Water	Psychic	315	615	90	65	65	40	40	15	1
80	Slowbro	Water	Psychic	490	950	95	75	110	100	80	30	1
80	SlowbroMega Slowbro	Water	Psychic	590	1150	95	75	180	130	80	30	1
81	Magnemite	Electric	Steel	325	605	25	35	70	95	55	45	1
82	Magneton	Electric	Steel	465	860	50	60	95	120	70	70	1
83	Farfetch'd	Normal	Flying	352	644	52	65	55	58	62	60	1
84	Doduo	Normal	Flying	310	545	35	85	45	35	35	75	1
85	Dodrio	Normal	Flying	460	820	60	110	70	60	60	100	1
86	Seel	Water		325	605	65	45	55	45	70	45	1
87	Dewgong	Water	Ice	475	880	90	70	80	70	95	70	1
88	Grimer	Poison		325	625	80	80	50	40	50	25	1
89	Muk	Poison		500	950	105	105	75	65	100	50	1
90	Shellder	Water		305	570	30	65	100	45	25	40	1
91	Cloyster	Water	Ice	525	980	50	95	180	85	45	70	1
92	Gastly	Ghost	Poison	310	540	30	35	30	100	35	80	1
93	Haunter	Ghost	Poison	405	715	45	50	45	115	55	95	1
94	Gengar	Ghost	Poison	500	890	60	65	60	130	75	110	1
94	GengarMega Gengar	Ghost	Poison	600	1070	60	65	80	170	95	130	1
95	Onix	Rock	Ground	385	700	35	45	160	30	45	70	1
96	Drowzee	Psychic		328	614	60	48	45	43	90	42	1
97	Hypno	Psychic		483	899	85	73	70	73	115	67	1
98	Krabby	Water		325	600	30	105	90	25	25	50	1
99	Kingler	Water		475	875	55	130	115	50	50	75	1
100	Voltorb	Electric		330	560	40	30	50	55	55	100	1
101	Electrode	Electric		480	820	60	50	70	80	80	140	1
102	Exeggcute	Grass	Psychic	325	610	60	40	80	60	45	40	1
103	Exeggutor	Grass	Psychic	520	985	95	95	85	125	65	55	1
104	Cubone	Ground		320	605	50	50	95	40	50	35	1
105	Marowak	Ground		425	805	60	80	110	50	80	45	1
106	Hitmonlee	Fighting		455	823	50	120	53	35	110	87	1
107	Hitmonchan	Fighting		455	834	50	105	79	35	110	76	1
108	Lickitung	Normal		385	740	90	55	75	60	75	30	1
109	Koffing	Poison		340	645	40	65	95	60	45	35	1
110	Weezing	Poison		490	920	65	90	120	85	70	60	1
111	Rhyhorn	Ground	Rock	345	665	80	85	95	30	30	25	1
112	Rhydon	Ground	Rock	485	930	105	130	120	45	45	40	1
113	Chansey	Normal		450	850	250	5	5	35	105	50	1
114	Tangela	Grass		435	810	65	55	115	100	40	60	1
115	Kangaskhan	Normal		490	890	105	95	80	40	80	90	1
115	KangaskhanMega Kangaskhan	Normal		590	1080	105	125	100	60	100	100	1
116	Horsea	Water		295	530	30	40	70	70	25	60	1
117	Seadra	Water		440	795	55	65	95	95	45	85	1
118	Goldeen	Water		320	577	45	67	60	35	50	63	1
119	Seaking	Water		450	832	80	92	65	65	80	68	1
120	Staryu	Water		340	595	30	45	55	70	55	85	1
121	Starmie	Water	Psychic	520	925	60	75	85	100	85	115	1
122	Mr. Mime	Psychic	Fairy	460	830	40	45	65	100	120	90	1
123	Scyther	Bug	Flying	500	895	70	110	80	55	80	105	1
124	Jynx	Ice	Psychic	455	815	65	50	35	115	95	95	1
125	Electabuzz	Electric		490	875	65	83	57	95	85	105	1
126	Magmar	Fire		495	897	65	95	57	100	85	93	1
127	Pinsir	Bug		500	915	65	125	100	55	70	85	1
127	PinsirMega Pinsir	Bug	Flying	600	1095	65	155	120	65	90	105	1
128	Tauros	Normal		490	870	75	100	95	40	70	110	1
129	Magikarp	Water		200	320	20	10	55	15	20	80	1
130	Gyarados	Water	Flying	540	999	95	125	79	60	100	81	1
130	GyaradosMega Gyarados	Water	Dark	640	1199	95	155	109	70	130	81	1
131	Lapras	Water	Ice	535	1010	130	85	80	85	95	60	1
132	Ditto	Normal		288	528	48	48	48	48	48	48	1
133	Eevee	Normal		325	595	55	55	50	45	65	55	1
134	Vaporeon	Water		525	985	130	65	60	110	95	65	1
135	Jolteon	Electric		525	920	65	65	60	110	95	130	1
136	Flareon	Fire		525	985	65	130	60	95	110	65	1
137	Porygon	Normal		395	750	65	60	70	85	75	40	1
138	Omanyte	Rock	Water	355	675	35	40	100	90	55	35	1
139	Omastar	Rock	Water	495	935	70	60	125	115	70	55	1
140	Kabuto	Rock	Water	355	655	30	80	90	55	45	55	1
141	Kabutops	Rock	Water	495	910	60	115	105	65	70	80	1
142	Aerodactyl	Rock	Flying	515	900	80	105	65	60	75	130	1
142	AerodactylMega Aerodactyl	Rock	Flying	615	1080	80	135	85	70	95	150	1
143	Snorlax	Normal		540	1050	160	110	65	65	110	30	1
144	Articuno	Ice	Flying	580	1075	90	85	100	95	125	85	1
145	Zapdos	Electric	Flying	580	1060	90	90	85	125	90	100	1
146	Moltres	Fire	Flying	580	1070	90	100	90	125	85	90	1
147	Dratini	Dragon		300	550	41	64	45	50	50	50	1
148	Dragonair	Dragon		420	770	61	84	65	70	70	70	1
149	Dragonite	Dragon	Flying	600	1120	91	134	95	100	100	80	1
150	Mewtwo	Psychic		680	1230	106	110	90	154	90	130	1
150	MewtwoMega Mewtwo X	Psychic	Fighting	780	1430	106	190	100	154	100	130	1
150	MewtwoMega Mewtwo Y	Psychic		780	1420	106	150	70	194	120	140	1
151	Mew	Psychic		600	1100	100	100	100	100	100	100	1
152	Chikorita	Grass		318	591	45	49	65	49	65	45	2
153	Bayleef	Grass		405	750	60	62	80	63	80	60	2
154	Meganium	Grass		525	970	80	82	100	83	100	80	2
155	Cyndaquil	Fire		309	553	39	52	43	60	50	65	2
156	Quilava	Fire		405	730	58	64	58	80	65	80	2
157	Typhlosion	Fire		534	968	78	84	78	109	85	100	2
158	Totodile	Water		314	585	50	65	64	44	48	43	2
159	Croconaw	Water		405	752	65	80	80	59	63	58	2
160	Feraligatr	Water		530	982	85	105	100	79	83	78	2
161	Sentret	Normal		215	410	35	46	34	35	45	20	2
162	Furret	Normal		415	740	85	76	64	45	55	90	2
163	Hoothoot	Normal	Flying	262	474	60	30	30	36	56	50	2
164	Noctowl	Normal	Flying	442	814	100	50	50	76	96	70	2
165	Ledyba	Bug	Flying	265	475	40	20	30	40	80	55	2
166	Ledian	Bug	Flying	390	695	55	35	50	55	110	85	2
167	Spinarak	Bug	Poison	250	470	40	60	40	40	40	30	2
168	Ariados	Bug	Poison	390	740	70	90	70	60	60	40	2
169	Crobat	Poison	Flying	535	940	85	90	80	70	80	130	2
170	Chinchou	Water	Electric	330	593	75	38	38	56	56	67	2
171	Lanturn	Water	Electric	460	853	125	58	58	76	76	67	2
172	Pichu	Electric		205	350	20	40	15	35	35	60	2
173	Cleffa	Fairy		218	421	50	25	28	45	55	15	2
174	Igglybuff	Normal	Fairy	210	405	90	30	15	40	20	15	2
175	Togepi	Fairy		245	470	35	20	65	40	65	20	2
176	Togetic	Fairy	Flying	405	770	55	40	85	80	105	40	2
177	Natu	Psychic	Flying	320	570	40	50	45	70	45	70	2
178	Xatu	Psychic	Flying	470	845	65	75	70	95	70	95	2
179	Mareep	Electric		280	525	55	40	40	65	45	35	2
180	Flaaffy	Electric		365	685	70	55	55	80	60	45	2
181	Ampharos	Electric		510	965	90	75	85	115	90	55	2
181	AmpharosMega Ampharos	Electric	Dragon	610	1175	90	95	105	165	110	45	2
182	Bellossom	Grass		490	930	75	80	95	90	100	50	2
183	Marill	Water	Fairy	250	460	70	20	50	20	50	40	2
184	Azumarill	Water	Fairy	420	790	100	50	80	60	80	50	2
185	Sudowoodo	Rock		410	790	70	100	115	30	65	30	2
186	Politoed	Water		500	930	90	75	75	90	100	70	2
187	Hoppip	Grass	Flying	250	450	35	35	40	35	55	50	2
188	Skiploom	Grass	Flying	340	600	55	45	50	45	65	80	2
189	Jumpluff	Grass	Flying	460	810	75	55	70	55	95	110	2
190	Aipom	Normal		360	635	55	70	55	40	55	85	2
191	Sunkern	Grass		180	330	30	30	30	30	30	30	2
192	Sunflora	Grass		425	820	75	75	55	105	85	30	2
193	Yanma	Bug	Flying	390	685	65	65	45	75	45	95	2
194	Wooper	Water	Ground	210	405	55	45	45	25	25	15	2
195	Quagsire	Water	Ground	430	825	95	85	85	65	65	35	2
196	Espeon	Psychic		525	940	65	65	60	130	95	110	2
197	Umbreon	Dark		525	985	95	65	110	60	130	65	2
198	Murkrow	Dark	Flying	405	719	60	85	42	85	42	91	2
199	Slowking	Water	Psychic	490	950	95	75	80	100	110	30	2
200	Misdreavus	Ghost		435	785	60	60	60	85	85	85	2
201	Unown	Psychic		336	624	48	72	48	72	48	48	2
202	Wobbuffet	Psychic		405	777	190	33	58	33	58	33	2
203	Girafarig	Normal	Psychic	455	825	70	80	65	90	65	85	2
204	Pineco	Bug		290	565	50	65	90	35	35	15	2
205	Forretress	Bug	Steel	465	890	75	90	140	60	60	40	2
206	Dunsparce	Normal		415	785	100	70	70	65	65	45	2
207	Gligar	Ground	Flying	430	775	65	75	105	35	65	85	2
208	Steelix	Steel	Ground	510	990	75	85	200	55	65	30	2
208	SteelixMega Steelix	Steel	Ground	610	1190	75	125	230	55	95	30	2
209	Snubbull	Fairy		300	570	60	80	50	40	40	30	2
210	Granbull	Fairy		450	855	90	120	75	60	60	45	2
211	Qwilfish	Water	Poison	430	775	65	95	75	55	55	85	2
212	Scizor	Bug	Steel	500	935	70	130	100	55	80	65	2
212	ScizorMega Scizor	Bug	Steel	600	1125	70	150	140	65	100	75	2
213	Shuckle	Bug	Rock	505	1005	20	10	230	10	230	5	2
214	Heracross	Bug	Fighting	500	915	80	125	75	40	95	85	2
214	HeracrossMega Heracross	Bug	Fighting	600	1125	80	185	115	40	105	75	2
215	Sneasel	Dark	Ice	430	745	55	95	55	35	75	115	2
216	Teddiursa	Normal		330	620	60	80	50	50	50	40	2
217	Ursaring	Normal		500	945	90	130	75	75	75	55	2
218	Slugma	Fire		250	480	40	40	40	70	40	20	2
219	Magcargo	Fire	Rock	410	790	50	50	120	80	80	30	2
220	Swinub	Ice	Ground	250	450	50	50	40	30	30	50	2
221	Piloswine	Ice	Ground	450	850	100	100	80	60	60	50	2
222	Corsola	Water	Rock	380	725	55	55	85	65	85	35	2
223	Remoraid	Water		300	535	35	65	35	65	35	65	2
224	Octillery	Water		480	915	75	105	75	105	75	45	2
225	Delibird	Ice	Flying	330	585	45	55	45	65	45	75	2
226	Mantine	Water	Flying	465	860	65	40	70	80	140	70	2
227	Skarmory	Steel	Flying	465	860	65	80	140	40	70	70	2
228	Houndour	Dark	Fire	330	595	45	60	30	80	50	65	2
229	Houndoom	Dark	Fire	500	905	75	90	50	110	80	95	2
229	HoundoomMega Houndoom	Dark	Fire	600	1085	75	90	90	140	90	115	2
230	Kingdra	Water	Dragon	540	995	75	95	95	95	95	85	2
231	Phanpy	Ground		330	620	90	60	60	40	40	40	2
232	Donphan	Ground		500	950	90	120	120	60	60	50	2
233	Porygon2	Normal		515	970	85	80	90	105	95	60	2
234	Stantler	Normal		465	845	73	95	62	85	65	85	2
235	Smeargle	Normal		250	425	55	20	35	20	45	75	2
236	Tyrogue	Fighting		210	385	35	35	35	35	35	35	2
237	Hitmontop	Fighting		455	840	50	95	95	35	110	70	2
238	Smoochum	Ice	Psychic	305	545	45	30	15	85	65	65	2
239	Elekid	Electric		360	625	45	63	37	65	55	95	2
240	Magby	Fire		365	647	45	75	37	70	55	83	2
241	Miltank	Normal		490	880	95	80	105	40	70	100	2
242	Blissey	Normal		540	1025	255	10	10	75	135	55	2
243	Raikou	Electric		580	1045	90	85	75	115	100	115	2
244	Entei	Fire		580	1060	115	115	85	90	75	100	2
245	Suicune	Water		580	1075	100	75	115	90	115	85	2
246	Larvitar	Rock	Ground	300	559	50	64	50	45	50	41	2
247	Pupitar	Rock	Ground	410	769	70	84	70	65	70	51	2
248	Tyranitar	Rock	Dark	600	1139	100	134	110	95	100	61	2
248	TyranitarMega Tyranitar	Rock	Dark	700	1329	100	164	150	95	120	71	2
249	Lugia	Psychic	Flying	680	1250	106	90	130	90	154	110	2
250	Ho-oh	Fire	Flying	680	1270	106	130	90	110	154	90	2
251	Celebi	Psychic	Grass	600	1100	100	100	100	100	100	100	2
252	Treecko	Grass		310	550	40	45	35	65	55	70	3
253	Grovyle	Grass		405	715	50	65	45	85	65	95	3
254	Sceptile	Grass		530	940	70	85	65	105	85	120	3
254	SceptileMega Sceptile	Grass	Dragon	630	1115	70	110	75	145	85	145	3
255	Torchic	Fire		310	575	45	60	40	70	50	45	3
256	Combusken	Fire	Fighting	405	755	60	85	60	85	60	55	3
257	Blaziken	Fire	Fighting	530	980	80	120	70	110	70	80	3
257	BlazikenMega Blaziken	Fire	Fighting	630	1160	80	160	80	130	80	100	3
258	Mudkip	Water		310	580	50	70	50	50	50	40	3
259	Marshtomp	Water	Ground	405	760	70	85	70	60	70	50	3
260	Swampert	Water	Ground	535	1010	100	110	90	85	90	60	3
260	SwampertMega Swampert	Water	Ground	635	1200	100	150	110	95	110	70	3
261	Poochyena	Dark		220	405	35	55	35	30	30	35	3
262	Mightyena	Dark		420	770	70	90	70	60	60	70	3
263	Zigzagoon	Normal		240	420	38	30	41	30	41	60	3
264	Linoone	Normal		420	740	78	70	61	50	61	100	3
265	Wurmple	Bug		195	370	45	45	35	20	30	20	3
266	Silcoon	Bug		205	395	50	35	55	25	25	15	3
267	Beautifly	Bug	Flying	395	725	60	70	50	100	50	65	3
268	Cascoon	Bug		205	395	50	35	55	25	25	15	3
269	Dustox	Bug	Poison	385	705	60	50	70	50	90	65	3
270	Lotad	Water	Grass	220	410	40	30	30	40	50	30	3
271	Lombre	Water	Grass	340	630	60	50	50	60	70	50	3
272	Ludicolo	Water	Grass	480	890	80	70	70	90	100	70	3
273	Seedot	Grass		220	410	40	40	50	30	30	30	3
274	Nuzleaf	Grass	Dark	340	620	70	70	40	60	40	60	3
275	Shiftry	Grass	Dark	480	880	90	100	60	90	60	80	3
276	Taillow	Normal	Flying	270	455	40	55	30	30	30	85	3
277	Swellow	Normal	Flying	430	735	60	85	60	50	50	125	3
278	Wingull	Water	Flying	270	455	40	30	30	55	30	85	3
279	Pelipper	Water	Flying	430	795	60	50	100	85	70	65	3
280	Ralts	Psychic	Fairy	198	356	28	25	25	45	35	40	3
281	Kirlia	Psychic	Fairy	278	506	38	35	35	65	55	50	3
282	Gardevoir	Psychic	Fairy	518	956	68	65	65	125	115	80	3
282	GardevoirMega Gardevoir	Psychic	Fairy	618	1136	68	85	65	165	135	100	3
283	Surskit	Bug	Water	269	473	40	30	32	50	52	65	3
284	Masquerain	Bug	Flying	414	768	70	60	62	80	82	60	3
285	Shroomish	Grass		295	555	60	40	60	40	60	35	3
286	Breloom	Grass	Fighting	460	850	60	130	80	60	60	70	3
287	Slakoth	Normal		280	530	60	60	60	35	35	30	3
288	Vigoroth	Normal		440	790	80	80	80	55	55	90	3
289	Slaking	Normal		670	1240	150	160	100	95	65	100	3
290	Nincada	Bug	Ground	266	492	31	45	90	30	30	40	3
291	Ninjask	Bug	Flying	456	752	61	90	45	50	50	160	3
292	Shedinja	Bug	Ghost	236	432	1	90	45	30	30	40	3
293	Whismur	Normal		240	452	64	51	23	51	23	28	3
294	Loudred	Normal		360	672	84	71	43	71	43	48	3
295	Exploud	Normal		490	912	104	91	63	91	73	68	3
296	Makuhita	Fighting		237	449	72	60	30	20	30	25	3
297	Hariyama	Fighting		474	898	144	120	60	40	60	50	3
298	Azurill	Normal	Fairy	190	360	50	20	40	20	40	20	3
299	Nosepass	Rock		375	720	30	45	135	45	90	30	3
300	Skitty	Normal		260	470	50	45	45	35	35	50	3
301	Delcatty	Normal		380	690	70	65	65	55	55	70	3
302	Sableye	Dark	Ghost	380	710	50	75	75	65	65	50	3
302	SableyeMega Sableye	Dark	Ghost	480	940	50	85	125	85	115	20	3
303	Mawile	Steel	Fairy	380	710	50	85	85	55	55	50	3
303	MawileMega Mawile	Steel	Fairy	480	910	50	105	125	55	95	50	3
304	Aron	Steel	Rock	330	630	50	70	100	40	40	30	3
305	Lairon	Steel	Rock	430	820	60	90	140	50	50	40	3
306	Aggron	Steel	Rock	530	1010	70	110	180	60	60	50	3
306	AggronMega Aggron	Steel		630	1210	70	140	230	60	80	50	3
307	Meditite	Fighting	Psychic	280	500	30	40	55	40	55	60	3
308	Medicham	Fighting	Psychic	410	740	60	60	75	60	75	80	3
308	MedichamMega Medicham	Fighting	Psychic	510	920	60	100	85	80	85	100	3
309	Electrike	Electric		295	525	40	45	40	65	40	65	3
310	Manectric	Electric		475	845	70	75	60	105	60	105	3
310	ManectricMega Manectric	Electric		575	1015	70	75	80	135	80	135	3
311	Plusle	Electric		405	715	60	50	40	85	75	95	3
312	Minun	Electric		405	715	60	40	50	75	85	95	3
313	Volbeat	Bug		400	715	65	73	55	47	75	85	3
314	Illumise	Bug		400	715	65	47	55	73	75	85	3
315	Roselia	Grass	Poison	400	735	50	60	45	100	80	65	3
316	Gulpin	Poison		302	564	70	43	53	43	53	40	3
317	Swalot	Poison		467	879	100	73	83	73	83	55	3
318	Carvanha	Water	Dark	305	545	45	90	20	65	20	65	3
319	Sharpedo	Water	Dark	460	825	70	120	40	95	40	95	3
319	SharpedoMega Sharpedo	Water	Dark	560	1015	70	140	70	110	65	105	3
320	Wailmer	Water		400	740	130	70	35	70	35	60	3
321	Wailord	Water		500	940	170	90	45	90	45	60	3
322	Numel	Fire	Ground	305	575	60	60	40	65	45	35	3
323	Camerupt	Fire	Ground	460	880	70	100	70	105	75	40	3
323	CameruptMega Camerupt	Fire	Ground	560	1100	70	120	100	145	105	20	3
324	Torkoal	Fire		470	920	70	85	140	85	70	20	3
325	Spoink	Psychic		330	600	60	25	35	70	80	60	3
326	Grumpig	Psychic		470	860	80	45	65	90	110	80	3
327	Spinda	Normal		360	660	60	60	60	60	60	60	3
328	Trapinch	Ground		290	570	45	100	45	45	45	10	3
329	Vibrava	Ground	Dragon	340	610	50	70	50	50	50	70	3
330	Flygon	Ground	Dragon	520	940	80	100	80	80	80	100	3
331	Cacnea	Grass		335	635	50	85	40	85	40	35	3
332	Cacturne	Grass	Dark	475	895	70	115	60	115	60	55	3
333	Swablu	Normal	Flying	310	570	45	40	60	40	75	50	3
334	Altaria	Dragon	Flying	490	900	75	70	90	70	105	80	3
334	AltariaMega Altaria	Dragon	Fairy	590	1100	75	110	110	110	105	80	3
335	Zangoose	Normal		458	826	73	115	60	60	60	90	3
336	Seviper	Poison		458	851	73	100	60	100	60	65	3
337	Lunatone	Rock	Psychic	440	810	70	55	65	95	85	70	3
338	Solrock	Rock	Psychic	440	810	70	95	85	55	65	70	3
339	Barboach	Water	Ground	288	516	50	48	43	46	41	60	3
340	Whiscash	Water	Ground	468	876	110	78	73	76	71	60	3
341	Corphish	Water		308	581	43	80	65	50	35	35	3
342	Crawdaunt	Water	Dark	468	881	63	120	85	90	55	55	3
343	Baltoy	Ground	Psychic	300	545	40	40	55	40	70	55	3
344	Claydol	Ground	Psychic	500	925	60	70	105	70	120	75	3
345	Lileep	Rock	Grass	355	687	66	41	77	61	87	23	3
346	Cradily	Rock	Grass	495	947	86	81	97	81	107	43	3
347	Anorith	Rock	Bug	355	635	45	95	50	40	50	75	3
348	Armaldo	Rock	Bug	495	945	75	125	100	70	80	45	3
349	Feebas	Water		200	320	20	15	20	10	55	80	3
350	Milotic	Water		540	999	95	60	79	100	125	81	3
351	Castform	Normal		420	770	70	70	70	70	70	70	3
352	Kecleon	Normal		440	840	60	90	70	60	120	40	3
353	Shuppet	Ghost		295	545	44	75	35	63	33	45	3
354	Banette	Ghost		455	845	64	115	65	83	63	65	3
354	BanetteMega Banette	Ghost		555	1035	64	165	75	93	83	75	3
355	Duskull	Ghost		295	565	20	40	90	30	90	25	3
356	Dusclops	Ghost		455	885	40	70	130	60	130	25	3
357	Tropius	Grass	Flying	460	869	99	68	83	72	87	51	3
358	Chimecho	Psychic		425	785	65	50	70	95	80	65	3
359	Absol	Dark		465	855	65	130	60	75	60	75	3
359	AbsolMega Absol	Dark		565	1015	65	150	60	115	60	115	3
360	Wynaut	Psychic		260	497	95	23	48	23	48	23	3
361	Snorunt	Ice		300	550	50	50	50	50	50	50	3
362	Glalie	Ice		480	880	80	80	80	80	80	80	3
362	GlalieMega Glalie	Ice		580	1060	80	120	80	120	80	100	3
363	Spheal	Ice	Water	290	555	70	40	50	55	50	25	3
364	Sealeo	Ice	Water	410	775	90	60	70	75	70	45	3
365	Walrein	Ice	Water	530	995	110	80	90	95	90	65	3
366	Clamperl	Water		345	658	35	64	85	74	55	32	3
367	Huntail	Water		485	918	55	104	105	94	75	52	3
368	Gorebyss	Water		485	918	55	84	105	114	75	52	3
369	Relicanth	Water	Rock	485	915	100	90	130	45	65	55	3
370	Luvdisc	Water		330	563	43	30	55	40	65	97	3
371	Bagon	Dragon		300	550	45	75	60	40	30	50	3
372	Shelgon	Dragon		420	790	65	95	100	60	50	50	3
373	Salamence	Dragon	Flying	600	1100	95	135	80	110	80	100	3
373	SalamenceMega Salamence	Dragon	Flying	700	1280	95	145	130	120	90	120	3
374	Beldum	Steel	Psychic	300	570	40	55	80	35	60	30	3
375	Metang	Steel	Psychic	420	790	60	75	100	55	80	50	3
376	Metagross	Steel	Psychic	600	1130	80	135	130	95	90	70	3
376	MetagrossMega Metagross	Steel	Psychic	700	1290	80	145	150	105	110	110	3
377	Regirock	Rock		580	1110	80	100	200	50	100	50	3
378	Regice	Ice		580	1110	80	50	100	100	200	50	3
379	Registeel	Steel		580	1110	80	75	150	75	150	50	3
380	Latias	Dragon	Psychic	600	1090	80	80	90	110	130	110	3
380	LatiasMega Latias	Dragon	Psychic	700	1290	80	100	120	140	150	110	3
381	Latios	Dragon	Psychic	600	1090	80	90	80	130	110	110	3
381	LatiosMega Latios	Dragon	Psychic	700	1290	80	130	100	160	120	110	3
382	Kyogre	Water		670	1250	100	100	90	150	140	90	3
382	KyogrePrimal Kyogre	Water		770	1450	100	150	90	180	160	90	3
383	Groudon	Ground		670	1250	100	150	140	100	90	90	3
383	GroudonPrimal Groudon	Ground	Fire	770	1450	100	180	160	150	90	90	3
384	Rayquaza	Dragon	Flying	680	1265	105	150	90	150	90	95	3
384	RayquazaMega Rayquaza	Dragon	Flying	780	1445	105	180	100	180	100	115	3
385	Jirachi	Steel	Psychic	600	1100	100	100	100	100	100	100	3
386	DeoxysNormal Forme	Psychic		600	1050	50	150	50	150	50	150	3
386	DeoxysAttack Forme	Psychic		600	1050	50	180	20	180	20	150	3
386	DeoxysDefense Forme	Psychic		600	1110	50	70	160	70	160	90	3
386	DeoxysSpeed Forme	Psychic		600	1020	50	95	90	95	90	180	3
387	Turtwig	Grass		318	605	55	68	64	45	55	31	4
388	Grotle	Grass		405	774	75	89	85	55	65	36	4
389	Torterra	Grass	Ground	525	994	95	109	105	75	85	56	4
390	Chimchar	Fire		309	557	44	58	44	58	44	61	4
391	Monferno	Fire	Fighting	405	729	64	78	52	78	52	81	4
392	Infernape	Fire	Fighting	534	960	76	104	71	104	71	108	4
393	Piplup	Water		314	588	53	51	53	61	56	40	4
394	Prinplup	Water		405	760	64	66	68	81	76	50	4
395	Empoleon	Water	Steel	530	1000	84	86	88	111	101	60	4
396	Starly	Normal	Flying	245	430	40	55	30	30	30	60	4
397	Staravia	Normal	Flying	340	600	55	75	50	40	40	80	4
398	Staraptor	Normal	Flying	485	870	85	120	70	50	60	100	4
399	Bidoof	Normal		250	469	59	45	40	35	40	31	4
400	Bibarel	Normal	Water	410	749	79	85	60	55	60	71	4
401	Kricketot	Bug		194	363	37	25	41	25	41	25	4
402	Kricketune	Bug		384	703	77	85	51	55	51	65	4
403	Shinx	Electric		263	481	45	65	34	40	34	45	4
404	Luxio	Electric		363	666	60	85	49	60	49	60	4
405	Luxray	Electric		523	976	80	120	79	95	79	70	4
406	Budew	Grass	Poison	280	505	40	30	35	50	70	55	4
407	Roserade	Grass	Poison	515	940	60	70	65	125	105	90	4
408	Cranidos	Rock		350	642	67	125	40	30	30	58	4
409	Rampardos	Rock		495	932	97	165	60	65	50	58	4
410	Shieldon	Rock	Steel	350	670	30	42	118	42	88	30	4
411	Bastiodon	Rock	Steel	495	960	60	52	168	47	138	30	4
412	Burmy	Bug		224	412	40	29	45	29	45	36	4
413	WormadamPlant Cloak	Bug	Grass	424	812	60	59	85	79	105	36	4
413	WormadamSandy Cloak	Bug	Ground	424	812	60	79	105	59	85	36	4
413	WormadamTrash Cloak	Bug	Steel	424	812	60	69	95	69	95	36	4
414	Mothim	Bug	Flying	424	782	70	94	50	94	50	66	4
415	Combee	Bug	Flying	244	418	30	30	42	30	42	70	4
416	Vespiquen	Bug	Flying	474	908	70	80	102	80	102	40	4
417	Pachirisu	Electric		405	715	60	45	70	45	90	95	4
418	Buizel	Water		330	575	55	65	35	60	30	85	4
419	Floatzel	Water		495	875	85	105	55	85	50	115	4
420	Cherubi	Grass		275	515	45	35	45	62	53	35	4
421	Cherrim	Grass		450	815	70	60	70	87	78	85	4
422	Shellos	Water		325	616	76	48	48	57	62	34	4
423	Gastrodon	Water	Ground	475	911	111	83	68	92	82	39	4
424	Ambipom	Normal		482	849	75	100	66	60	66	115	4
425	Drifloon	Ghost	Flying	348	626	90	50	34	60	44	70	4
426	Drifblim	Ghost	Flying	498	916	150	80	44	90	54	80	4
427	Buneary	Normal		350	615	55	66	44	44	56	85	4
428	Lopunny	Normal		480	855	65	76	84	54	96	105	4
428	LopunnyMega Lopunny	Normal	Fighting	580	1025	65	136	94	54	96	135	4
429	Mismagius	Ghost		495	885	60	60	60	105	105	105	4
430	Honchkrow	Dark	Flying	505	939	100	125	52	105	52	71	4
431	Glameow	Normal		310	535	49	55	42	42	37	85	4
432	Purugly	Normal		452	792	71	82	64	64	59	112	4
433	Chingling	Psychic		285	525	45	30	50	65	50	45	4
434	Stunky	Poison	Dark	329	584	63	63	47	41	41	74	4
435	Skuntank	Poison	Dark	479	874	103	93	67	71	61	84	4
436	Bronzor	Steel	Psychic	300	577	57	24	86	24	86	23	4
437	Bronzong	Steel	Psychic	500	967	67	89	116	79	116	33	4
438	Bonsly	Rock		290	570	50	80	95	10	45	10	4
439	Mime Jr.	Psychic	Fairy	310	560	20	25	45	70	90	60	4
440	Happiny	Normal		220	410	100	5	5	15	65	30	4
441	Chatot	Normal	Flying	411	731	76	65	45	92	42	91	4
442	Spiritomb	Ghost	Dark	485	935	50	92	108	92	108	35	4
443	Gible	Dragon	Ground	300	558	58	70	45	40	45	42	4
444	Gabite	Dragon	Ground	410	738	68	90	65	50	55	82	4
445	Garchomp	Dragon	Ground	600	1098	108	130	95	80	85	102	4
445	GarchompMega Garchomp	Dragon	Ground	700	1308	108	170	115	120	95	92	4
446	Munchlax	Normal		390	775	135	85	40	40	85	5	4
447	Riolu	Fighting		285	510	40	70	40	35	40	60	4
448	Lucario	Fighting	Steel	525	960	70	110	70	115	70	90	4
448	LucarioMega Lucario	Fighting	Steel	625	1138	70	145	88	140	70	112	4
449	Hippopotas	Ground		330	628	68	72	78	38	42	32	4
450	Hippowdon	Ground		525	1003	108	112	118	68	72	47	4
451	Skorupi	Poison	Bug	330	595	40	50	90	30	55	65	4
452	Drapion	Poison	Dark	500	905	70	90	110	60	75	95	4
453	Croagunk	Poison	Fighting	300	550	48	61	40	61	40	50	4
454	Toxicroak	Poison	Fighting	490	895	83	106	65	86	65	85	4
455	Carnivine	Grass		454	862	74	100	72	90	72	46	4
456	Finneon	Water		330	594	49	49	56	49	61	66	4
457	Lumineon	Water		460	829	69	69	76	69	86	91	4
458	Mantyke	Water	Flying	345	640	45	20	50	60	120	50	4
459	Snover	Grass	Ice	334	628	60	62	50	62	60	40	4
460	Abomasnow	Grass	Ice	494	928	90	92	75	92	85	60	4
460	AbomasnowMega Abomasnow	Grass	Ice	594	1158	90	132	105	132	105	30	4
461	Weavile	Dark	Ice	510	895	70	120	65	45	85	125	4
462	Magnezone	Electric	Steel	535	1010	70	70	115	130	90	60	4
463	Lickilicky	Normal		515	980	110	85	95	80	95	50	4
464	Rhyperior	Ground	Rock	535	1030	115	140	130	55	55	40	4
465	Tangrowth	Grass		535	1020	100	100	125	110	50	50	4
466	Electivire	Electric		540	985	75	123	67	95	85	95	4
467	Magmortar	Fire		540	997	75	95	67	125	95	83	4
468	Togekiss	Fairy	Flying	545	1010	85	50	95	120	115	80	4
469	Yanmega	Bug	Flying	515	935	86	76	86	116	56	95	4
470	Leafeon	Grass		525	955	65	110	130	60	65	95	4
471	Glaceon	Ice		525	985	65	60	110	130	95	65	4
472	Gliscor	Ground	Flying	510	925	75	95	125	45	75	95	4
473	Mamoswine	Ice	Ground	530	980	110	130	80	70	60	80	4
474	Porygon-Z	Normal		535	980	85	80	70	135	75	90	4
475	Gallade	Psychic	Fighting	518	956	68	125	65	65	115	80	4
475	GalladeMega Gallade	Psychic	Fighting	618	1126	68	165	95	65	115	110	4
476	Probopass	Rock	Steel	525	1010	60	55	145	75	150	40	4
477	Dusknoir	Ghost		525	1005	45	100	135	65	135	45	4
478	Froslass	Ice	Ghost	480	850	70	80	70	80	70	110	4
479	Rotom	Electric	Ghost	440	789	50	50	77	95	77	91	4
479	RotomHeat Rotom	Electric	Fire	520	954	50	65	107	105	107	86	4
479	RotomWash Rotom	Electric	Water	520	954	50	65	107	105	107	86	4
479	RotomFrost Rotom	Electric	Ice	520	954	50	65	107	105	107	86	4
479	RotomFan Rotom	Electric	Flying	520	954	50	65	107	105	107	86	4
479	RotomMow Rotom	Electric	Grass	520	954	50	65	107	105	107	86	4
480	Uxie	Psychic		580	1065	75	75	130	75	130	95	4
481	Mesprit	Psychic		580	1080	80	105	105	105	105	80	4
482	Azelf	Psychic		580	1045	75	125	70	125	70	115	4
483	Dialga	Steel	Dragon	680	1270	100	120	120	150	100	90	4
484	Palkia	Water	Dragon	680	1260	90	120	100	150	120	100	4
485	Heatran	Fire	Steel	600	1123	91	90	106	130	106	77	4
486	Regigigas	Normal		670	1240	110	160	110	80	110	100	4
487	GiratinaAltered Forme	Ghost	Dragon	680	1270	150	100	120	100	120	90	4
487	GiratinaOrigin Forme	Ghost	Dragon	680	1270	150	120	100	120	100	90	4
488	Cresselia	Psychic		600	1115	120	70	120	75	130	85	4
489	Phione	Water		480	880	80	80	80	80	80	80	4
490	Manaphy	Water		600	1100	100	100	100	100	100	100	4
491	Darkrai	Dark		600	1075	70	90	90	135	90	125	4
492	ShayminLand Forme	Grass		600	1100	100	100	100	100	100	100	4
492	ShayminSky Forme	Grass	Flying	600	1073	100	103	75	120	75	127	4
493	Arceus	Normal		720	1320	120	120	120	120	120	120	4
494	Victini	Psychic	Fire	600	1100	100	100	100	100	100	100	5
495	Snivy	Grass		308	553	45	45	55	45	55	63	5
496	Servine	Grass		413	743	60	60	75	60	75	83	5
497	Serperior	Grass		528	943	75	75	95	75	95	113	5
498	Tepig	Fire		308	571	65	63	45	45	45	45	5
499	Pignite	Fire	Fighting	418	781	90	93	55	70	55	55	5
500	Emboar	Fire	Fighting	528	991	110	123	65	100	65	65	5
501	Oshawott	Water		308	571	55	55	45	63	45	45	5
502	Dewott	Water		413	766	75	75	60	83	60	60	5
503	Samurott	Water		528	986	95	100	85	108	70	70	5
504	Patrat	Normal		255	468	45	55	39	35	39	42	5
505	Watchog	Normal		420	763	60	85	69	60	69	77	5
506	Lillipup	Normal		275	495	45	60	45	25	45	55	5
507	Herdier	Normal		370	680	65	80	65	35	65	60	5
508	Stoutland	Normal		500	920	85	110	90	45	90	80	5
509	Purrloin	Dark		281	496	41	50	37	50	37	66	5
510	Liepard	Dark		446	786	64	88	50	88	50	106	5
511	Pansage	Grass		316	568	50	53	48	53	48	64	5
512	Simisage	Grass		498	895	75	98	63	98	63	101	5
513	Pansear	Fire		316	568	50	53	48	53	48	64	5
514	Simisear	Fire		498	895	75	98	63	98	63	101	5
515	Panpour	Water		316	568	50	53	48	53	48	64	5
516	Simipour	Water		498	895	75	98	63	98	63	101	5
517	Munna	Psychic		292	560	76	25	45	67	55	24	5
518	Musharna	Psychic		487	945	116	55	85	107	95	29	5
519	Pidove	Normal	Flying	264	485	50	55	50	36	30	43	5
520	Tranquill	Normal	Flying	358	651	62	77	62	50	42	65	5
521	Unfezant	Normal	Flying	488	883	80	115	80	65	55	93	5
522	Blitzle	Electric		295	514	45	60	32	50	32	76	5
523	Zebstrika	Electric		497	878	75	100	63	80	63	116	5
524	Roggenrola	Rock		280	545	55	75	85	25	25	15	5
525	Boldore	Rock		390	760	70	105	105	50	40	20	5
526	Gigalith	Rock		515	1005	85	135	130	60	80	25	5
527	Woobat	Psychic	Flying	313	554	55	45	43	55	43	72	5
528	Swoobat	Psychic	Flying	425	736	67	57	55	77	55	114	5
529	Drilbur	Ground		328	588	60	85	40	30	45	68	5
530	Excadrill	Ground	Steel	508	928	110	135	60	50	65	88	5
531	Audino	Normal		445	840	103	60	86	60	86	50	5
531	AudinoMega Audino	Normal	Fairy	545	1040	103	60	126	80	126	50	5
532	Timburr	Fighting		305	575	75	80	55	25	35	35	5
533	Gurdurr	Fighting		405	770	85	105	85	40	50	40	5
534	Conkeldurr	Fighting		505	965	105	140	95	55	65	45	5
535	Tympole	Water		294	524	50	50	40	50	40	64	5
536	Palpitoad	Water	Ground	384	699	75	65	55	65	55	69	5
537	Seismitoad	Water	Ground	509	944	105	95	75	85	75	74	5
538	Throh	Fighting		465	885	120	100	85	30	85	45	5
539	Sawk	Fighting		465	845	75	125	75	30	75	85	5
540	Sewaddle	Bug	Grass	310	578	45	53	70	40	60	42	5
541	Swadloon	Bug	Grass	380	718	55	63	90	50	80	42	5
542	Leavanny	Bug	Grass	500	908	75	103	80	70	80	92	5
543	Venipede	Bug	Poison	260	463	30	45	59	30	39	57	5
544	Whirlipede	Bug	Poison	360	673	40	55	99	40	79	47	5
545	Scolipede	Bug	Poison	485	858	60	100	89	55	69	112	5
546	Cottonee	Grass	Fairy	280	494	40	27	60	37	50	66	5
547	Whimsicott	Grass	Fairy	480	844	60	67	85	77	75	116	5
548	Petilil	Grass		280	530	45	35	50	70	50	30	5
549	Lilligant	Grass		480	870	70	60	75	110	75	90	5
550	Basculin	Water		460	822	70	92	65	80	55	98	5
551	Sandile	Ground	Dark	292	519	50	72	35	35	35	65	5
552	Krokorok	Ground	Dark	351	628	60	82	45	45	45	74	5
553	Krookodile	Ground	Dark	519	946	95	117	80	65	70	92	5
554	Darumaka	Fire		315	580	70	90	45	15	45	50	5
555	DarmanitanStandard Mode	Fire		480	865	105	140	55	30	55	95	5
555	DarmanitanZen Mode	Fire	Psychic	540	1025	105	30	105	140	105	55	5
556	Maractus	Grass		461	862	75	86	67	106	67	60	5
557	Dwebble	Bug	Rock	325	595	50	65	85	35	35	55	5
558	Crustle	Bug	Rock	475	905	70	95	125	65	75	45	5
559	Scraggy	Dark	Fighting	348	648	50	75	70	35	70	48	5
560	Scrafty	Dark	Fighting	488	918	65	90	115	45	115	58	5
561	Sigilyph	Psychic	Flying	490	883	72	58	80	103	80	97	5
562	Yamask	Ghost		303	576	38	30	85	55	65	30	5
563	Cofagrigus	Ghost		483	936	58	50	145	95	105	30	5
564	Tirtouga	Water	Rock	355	688	54	78	103	53	45	22	5
565	Carracosta	Water	Rock	495	958	74	108	133	83	65	32	5
566	Archen	Rock	Flying	401	732	55	112	45	74	45	70	5
567	Archeops	Rock	Flying	567	1024	75	140	65	112	65	110	5
568	Trubbish	Poison		329	593	50	50	62	40	62	65	5
569	Garbodor	Poison		474	873	80	95	82	60	82	75	5
570	Zorua	Dark		330	595	40	65	40	80	40	65	5
571	Zoroark	Dark		510	915	60	105	60	120	60	105	5
572	Minccino	Normal		300	525	55	50	40	40	40	75	5
573	Cinccino	Normal		470	825	75	95	60	65	60	115	5
574	Gothita	Psychic		290	535	45	30	50	55	65	45	5
575	Gothorita	Psychic		390	725	60	45	70	75	85	55	5
576	Gothitelle	Psychic		490	915	70	55	95	95	110	65	5
577	Solosis	Psychic		290	560	45	30	40	105	50	20	5
578	Duosion	Psychic		370	710	65	40	50	125	60	30	5
579	Reuniclus	Psychic		490	950	110	65	75	125	85	30	5
580	Ducklett	Water	Flying	305	555	62	44	50	44	50	55	5
581	Swanna	Water	Flying	473	848	75	87	63	87	63	98	5
582	Vanillite	Ice		305	566	36	50	50	65	60	44	5
583	Vanillish	Ice		395	731	51	65	65	80	75	59	5
584	Vanilluxe	Ice		535	991	71	95	85	110	95	79	5
585	Deerling	Normal	Grass	335	595	60	60	50	40	50	75	5
586	Sawsbuck	Normal	Grass	475	855	80	100	70	60	70	95	5
587	Emolga	Electric	Flying	428	753	55	75	60	75	60	103	5
588	Karrablast	Bug		315	570	50	75	45	40	45	60	5
589	Escavalier	Bug	Steel	495	970	70	135	105	60	105	20	5
590	Foongus	Grass	Poison	294	573	69	55	45	55	55	15	5
591	Amoonguss	Grass	Poison	464	898	114	85	70	85	80	30	5
592	Frillish	Water	Ghost	335	630	55	40	50	65	85	40	5
593	Jellicent	Water	Ghost	480	900	100	60	70	85	105	60	5
594	Alomomola	Water		470	875	165	75	80	40	45	65	5
595	Joltik	Bug	Electric	319	573	50	47	50	57	50	65	5
596	Galvantula	Bug	Electric	472	836	70	77	60	97	60	108	5
597	Ferroseed	Grass	Steel	305	600	44	50	91	24	86	10	5
598	Ferrothorn	Grass	Steel	489	958	74	94	131	54	116	20	5
599	Klink	Steel		300	570	40	55	70	45	60	30	5
600	Klang	Steel		440	830	60	80	95	70	85	50	5
601	Klinklang	Steel		520	950	60	100	115	70	85	90	5
602	Tynamo	Electric		275	490	35	55	40	45	40	60	5
603	Eelektrik	Electric		405	770	65	85	70	75	70	40	5
604	Eelektross	Electric		515	980	85	115	80	105	80	50	5
605	Elgyem	Psychic		335	640	55	55	55	85	55	30	5
606	Beheeyem	Psychic		485	930	75	75	75	125	95	40	5
607	Litwick	Ghost	Fire	275	530	50	30	55	65	55	20	5
608	Lampent	Ghost	Fire	370	685	60	40	60	95	60	55	5
609	Chandelure	Ghost	Fire	520	960	60	55	90	145	90	80	5
610	Axew	Dragon		320	583	46	87	60	30	40	57	5
611	Fraxure	Dragon		410	753	66	117	70	40	50	67	5
612	Haxorus	Dragon		540	983	76	147	90	60	70	97	5
613	Cubchoo	Ice		305	570	55	70	40	60	40	40	5
614	Beartic	Ice		485	920	95	110	80	70	80	50	5
615	Cryogonal	Ice		485	865	70	50	30	95	135	105	5
616	Shelmet	Bug		305	585	50	40	85	40	65	25	5
617	Accelgor	Bug		495	845	80	70	40	100	60	145	5
618	Stunfisk	Ground	Electric	471	910	109	66	84	81	99	32	5
619	Mienfoo	Fighting		350	635	45	85	50	55	50	65	5
620	Mienshao	Fighting		510	915	65	125	60	95	60	105	5
621	Druddigon	Dragon		485	922	77	120	90	60	90	48	5
622	Golett	Ground	Ghost	303	571	59	74	50	35	50	35	5
623	Golurk	Ground	Ghost	483	911	89	124	80	55	80	55	5
624	Pawniard	Dark	Steel	340	620	45	85	70	40	40	60	5
625	Bisharp	Dark	Steel	490	910	65	125	100	60	70	70	5
626	Bouffalant	Normal		490	925	95	110	95	40	95	55	5
627	Rufflet	Normal	Flying	350	640	70	83	50	37	50	60	5
628	Braviary	Normal	Flying	510	940	100	123	75	57	75	80	5
629	Vullaby	Dark	Flying	370	680	70	55	75	45	65	60	5
630	Mandibuzz	Dark	Flying	510	940	110	65	105	55	95	80	5
631	Heatmor	Fire		484	903	85	97	66	105	66	65	5
632	Durant	Bug	Steel	484	859	58	109	112	48	48	109	5
633	Deino	Dark	Dragon	300	562	52	65	50	45	50	38	5
634	Zweilous	Dark	Dragon	420	782	72	85	70	65	70	58	5
635	Hydreigon	Dark	Dragon	600	1102	92	105	90	125	90	98	5
636	Larvesta	Bug	Fire	360	660	55	85	55	50	55	60	5
637	Volcarona	Bug	Fire	550	1000	85	60	65	135	105	100	5
638	Cobalion	Steel	Fighting	580	1052	91	90	129	90	72	108	5
639	Terrakion	Rock	Fighting	580	1052	91	129	90	72	90	108	5
640	Virizion	Grass	Fighting	580	1052	91	90	72	90	129	108	5
641	TornadusIncarnate Forme	Flying		580	1049	79	115	70	125	80	111	5
641	TornadusTherian Forme	Flying		580	1039	79	100	80	110	90	121	5
642	ThundurusIncarnate Forme	Electric	Flying	580	1049	79	115	70	125	80	111	5
642	ThundurusTherian Forme	Electric	Flying	580	1059	79	105	70	145	80	101	5
643	Reshiram	Dragon	Fire	680	1270	100	120	100	150	120	90	5
644	Zekrom	Dragon	Electric	680	1270	100	150	120	120	100	90	5
645	LandorusIncarnate Forme	Ground	Flying	600	1099	89	125	90	115	80	101	5
645	LandorusTherian Forme	Ground	Flying	600	1109	89	145	90	105	80	91	5
646	Kyurem	Dragon	Ice	660	1225	125	130	90	130	90	95	5
646	KyuremBlack Kyurem	Dragon	Ice	700	1305	125	170	100	120	90	95	5
646	KyuremWhite Kyurem	Dragon	Ice	700	1305	125	120	90	170	100	95	5
647	KeldeoOrdinary Forme	Water	Fighting	580	1052	91	72	90	129	90	108	5
647	KeldeoResolute Forme	Water	Fighting	580	1052	91	72	90	129	90	108	5
648	MeloettaAria Forme	Normal	Psychic	600	1110	100	77	77	128	128	90	5
648	MeloettaPirouette Forme	Normal	Fighting	600	1072	100	128	90	77	77	128	5
649	Genesect	Bug	Steel	600	1101	71	120	95	120	95	99	5
650	Chespin	Grass		313	588	56	61	65	48	45	38	6
651	Quilladin	Grass		405	753	61	78	95	56	58	57	6
652	Chesnaught	Grass	Fighting	530	996	88	107	122	74	75	64	6
653	Fennekin	Fire		307	554	40	45	40	62	60	60	6
654	Braixen	Fire		409	745	59	59	58	90	70	73	6
655	Delphox	Fire	Psychic	534	964	75	69	72	114	100	104	6
656	Froakie	Water		314	557	41	56	40	62	44	71	6
657	Frogadier	Water		405	713	54	63	52	83	56	97	6
658	Greninja	Water	Dark	530	938	72	95	67	103	71	122	6
659	Bunnelby	Normal		237	417	38	36	38	32	36	57	6
660	Diggersby	Normal	Ground	423	768	85	56	77	50	77	78	6
661	Fletchling	Normal	Flying	278	494	45	50	43	40	38	62	6
662	Fletchinder	Fire	Flying	382	680	62	73	55	56	52	84	6
663	Talonflame	Fire	Flying	499	872	78	81	71	74	69	126	6
664	Scatterbug	Bug		200	365	38	35	40	27	25	35	6
665	Spewpa	Bug		213	397	45	22	60	27	30	29	6
666	Vivillon	Bug	Flying	411	733	80	52	50	90	50	89	6
667	Litleo	Fire	Normal	369	666	62	50	58	73	54	72	6
668	Pyroar	Fire	Normal	507	908	86	68	72	109	66	106	6
669	Flabébé	Fairy		303	564	44	38	39	61	79	42	6
670	Floette	Fairy		371	690	54	45	47	75	98	52	6
671	Florges	Fairy		552	1029	78	65	68	112	154	75	6
672	Skiddo	Grass		350	648	66	65	48	62	57	52	6
673	Gogoat	Grass		531	994	123	100	62	97	81	68	6
674	Pancham	Fighting		348	653	67	82	62	46	48	43	6
675	Pangoro	Fighting	Dark	495	932	95	124	78	69	71	58	6
676	Furfrou	Normal		472	842	75	80	60	65	90	102	6
677	Espurr	Psychic		355	642	62	48	54	63	60	68	6
678	MeowsticMale	Psychic		466	828	74	48	76	83	81	104	6
678	MeowsticFemale	Psychic		466	828	74	48	76	83	81	104	6
679	Honedge	Steel	Ghost	325	622	45	80	100	35	37	28	6
680	Doublade	Steel	Ghost	448	861	59	110	150	45	49	35	6
681	AegislashBlade Forme	Steel	Ghost	520	980	60	150	50	150	50	60	6
681	AegislashShield Forme	Steel	Ghost	520	980	60	50	150	50	150	60	6
682	Spritzee	Fairy		341	659	78	52	60	63	65	23	6
683	Aromatisse	Fairy		462	895	101	72	72	99	89	29	6
684	Swirlix	Fairy		341	633	62	48	66	59	57	49	6
685	Slurpuff	Fairy		480	888	82	80	86	85	75	72	6
686	Inkay	Dark	Psychic	288	531	53	54	53	37	46	45	6
687	Malamar	Dark	Psychic	482	891	86	92	88	68	75	73	6
688	Binacle	Rock	Water	306	562	42	52	67	39	56	50	6
689	Barbaracle	Rock	Water	500	932	72	105	115	54	86	68	6
690	Skrelp	Poison	Water	320	610	50	60	60	60	60	30	6
691	Dragalge	Poison	Dragon	494	944	65	75	90	97	123	44	6
692	Clauncher	Water		330	616	50	53	62	58	63	44	6
693	Clawitzer	Water		500	941	71	73	88	120	89	59	6
694	Helioptile	Electric	Normal	289	508	44	38	33	61	43	70	6
695	Heliolisk	Electric	Normal	481	853	62	55	52	109	94	109	6
696	Tyrunt	Rock	Dragon	362	676	58	89	77	45	45	48	6
697	Tyrantrum	Rock	Dragon	521	971	82	121	119	69	59	71	6
698	Amaura	Rock	Ice	362	678	77	59	50	67	63	46	6
699	Aurorus	Rock	Ice	521	984	123	77	72	99	92	58	6
700	Sylveon	Fairy		525	990	95	65	65	110	130	60	6
701	Hawlucha	Fighting	Flying	500	882	78	92	75	74	63	118	6
702	Dedenne	Electric	Fairy	431	761	67	58	57	81	67	101	6
703	Carbink	Rock	Fairy	500	950	50	50	150	50	150	50	6
704	Goomy	Dragon		300	560	45	50	35	55	75	40	6
705	Sliggoo	Dragon		452	844	68	75	53	83	113	60	6
706	Goodra	Dragon		600	1120	90	100	70	110	150	80	6
707	Klefki	Steel	Fairy	470	865	57	80	91	80	87	75	6
708	Phantump	Ghost	Grass	309	580	43	70	48	50	60	38	6
709	Trevenant	Ghost	Grass	474	892	85	110	76	65	82	56	6
710	PumpkabooAverage Size	Ghost	Grass	335	619	49	66	70	44	55	51	6
710	PumpkabooSmall Size	Ghost	Grass	335	614	44	66	70	44	55	56	6
710	PumpkabooLarge Size	Ghost	Grass	335	624	54	66	70	44	55	46	6
710	PumpkabooSuper Size	Ghost	Grass	335	629	59	66	70	44	55	41	6
711	GourgeistAverage Size	Ghost	Grass	494	904	65	90	122	58	75	84	6
711	GourgeistSmall Size	Ghost	Grass	494	889	55	85	122	58	75	99	6
711	GourgeistLarge Size	Ghost	Grass	494	919	75	95	122	58	75	69	6
711	GourgeistSuper Size	Ghost	Grass	494	934	85	100	122	58	75	54	6
712	Bergmite	Ice		304	580	55	69	85	32	35	28	6
713	Avalugg	Ice		514	1000	95	117	184	44	46	28	6
714	Noibat	Flying	Dragon	245	435	40	30	35	45	40	55	6
715	Noivern	Flying	Dragon	535	947	85	70	80	97	80	123	6
716	Xerneas	Fairy		680	1261	126	131	95	131	98	99	6
717	Yveltal	Dark	Flying	680	1261	126	131	95	131	98	99	6
718	Zygarde50% Forme	Dragon	Ground	600	1105	108	100	121	81	95	95	6
719	Diancie	Rock	Fairy	600	1150	50	100	150	100	150	50	6
719	DiancieMega Diancie	Rock	Fairy	700	1290	50	160	110	160	110	110	6
720	HoopaHoopa Confined	Psychic	Ghost	600	1130	80	110	60	150	130	70	6
720	HoopaHoopa Unbound	Psychic	Dark	680	1280	80	160	60	170	130	80	6
721	Volcanion	Fire	Water	600	1130	80	110	120	130	90	70	6
